{
    "n_images": 20,
    "mean_size": {
        "height": 3567.3,
        "width": 2183.05
    },
    "intensity_stats": {
        "mean": 80.26189141238434,
        "std": 57.164919345438435,
        "min": 0.0,
        "max": 255.0
    },
    "contrast_stats": {
        "mean": 254.7,
        "std": 0.8013147091860319
    },
    "entropy_stats": {
        "mean": 5.430992354266346,
        "std": 1.8904468570865536
    }
}